run_id,timestamp,round,backend,runtime_alias,threads_requested,threads_echoed,threadpool_n_threads,prompt_id,tokens_per_second,time_to_first_token_seconds,predicted_tokens_count,wall_time_seconds,stop_reason,temp_start_c,temp_peak_c,temp_end_c,temp_mean_c,package_power_mean_w,package_power_peak_w,cpu_load_mean_percent,p_core_clock_mean_mhz,e_core_clock_mean_mhz,seconds_at_or_above_85c,reasoning_marker_detected,status
R1-VULKAN-T8-PC,2026-09-27T10:15:07.647251-03:00,1,vulkan,llama.cpp-win-x86_64-vulkan-avx2@2.46.0,8,8,8,C,6.094467750877254,1.964576,384,64.85673170001246,maxPredictedTokensReached,72.0,96.0,93.0,93.33846153846154,26.3,29.4,51.65692307692308,2906.703076923077,2396.045576923077,64.0,False,success
R1-VULKAN-T8-PB,2026-09-27T10:16:18.245783-03:00,1,vulkan,llama.cpp-win-x86_64-vulkan-avx2@2.46.0,8,8,8,B,5.88429970357725,3.376567,384,68.52439230005257,maxPredictedTokensReached,78.0,95.0,88.0,90.44927536231884,23.779710144927538,37.0,51.77101449275362,2726.1884057971015,2192.034601449275,68.0,False,success
R1-VULKAN-T8-PA,2026-09-27T10:17:28.439627-03:00,1,vulkan,llama.cpp-win-x86_64-vulkan-avx2@2.46.0,8,8,8,A,5.7948919041592655,1.979528,384,68.12203740002587,maxPredictedTokensReached,71.0,95.0,87.0,87.02941176470588,22.136764705882353,30.3,52.51764705882353,2625.6051470588236,2062.900551470588,67.0,False,success
R1-VULKAN-T6-PA,2026-09-27T10:19:26.125221-03:00,1,vulkan,llama.cpp-win-x86_64-vulkan-avx2@2.46.0,6,6,8,A,5.822412850755337,2.029964,384,67.85320460004732,maxPredictedTokensReached,71.0,96.0,88.0,89.33823529411765,23.113235294117647,30.3,52.6764705882353,2697.235294117647,2153.374448529412,67.0,False,success
R1-VULKAN-T6-PC,2026-09-27T10:20:36.190437-03:00,1,vulkan,llama.cpp-win-x86_64-vulkan-avx2@2.46.0,6,6,8,C,5.806522310356707,1.968463,384,67.97774020000361,maxPredictedTokensReached,73.0,95.0,87.0,88.19117647058823,22.014705882352942,29.7,51.98676470588235,2645.9113970588232,2083.956617647059,67.0,False,success
R1-VULKAN-T6-PB,2026-09-27T10:21:47.748730-03:00,1,vulkan,llama.cpp-win-x86_64-vulkan-avx2@2.46.0,6,6,8,B,5.7991165144408665,3.3689679999999997,384,69.46786660002545,maxPredictedTokensReached,72.0,95.0,88.0,87.6,21.982857142857142,38.8,51.80714285714286,2591.120357142857,2051.3023214285713,69.0,False,success
R1-CPU-T4-PB,2026-09-27T10:23:40.443616-03:00,1,cpu,llama.cpp-win-x86_64-avx2@2.46.0,4,4,8,B,6.4877319698729385,1.716184,384,60.79459880001377,maxPredictedTokensReached,71.0,95.0,90.0,90.81967213114754,23.378688524590164,29.5,53.02459016393443,2690.6463114754097,2133.7426229508196,60.0,False,success
R1-CPU-T4-PA,2026-09-27T10:24:43.918710-03:00,1,cpu,llama.cpp-win-x86_64-avx2@2.46.0,4,4,8,A,6.390412312572585,1.42893,384,61.41517539997585,maxPredictedTokensReached,73.0,96.0,87.0,88.8225806451613,21.95806451612903,30.9,52.20967741935484,2603.9217741935486,2060.0352822580644,61.0,False,success
R1-CPU-T4-PC,2026-09-27T10:25:47.302695-03:00,1,cpu,llama.cpp-win-x86_64-avx2@2.46.0,4,4,8,C,6.398903144464444,1.425619,384,61.33116089995019,maxPredictedTokensReached,71.0,96.0,90.0,88.93548387096774,22.19516129032258,30.4,52.17258064516129,2606.7560483870966,2031.484879032258,61.0,False,success
R1-CPU-T8-PC,2026-09-27T10:27:39.615836-03:00,1,cpu,llama.cpp-win-x86_64-avx2@2.46.0,8,8,8,C,6.489736346412299,1.413837,384,60.47709299996495,maxPredictedTokensReached,71.0,96.0,90.0,90.08196721311475,23.12950819672131,29.5,52.334426229508196,2679.125,2111.305532786885,60.0,False,success
R1-CPU-T8-PA,2026-09-27T10:28:42.906973-03:00,1,cpu,llama.cpp-win-x86_64-avx2@2.46.0,8,8,8,A,6.425971151315581,1.525137,384,61.18552679999266,maxPredictedTokensReached,73.0,95.0,90.0,88.7258064516129,22.003225806451614,30.0,52.15806451612903,2598.6604838709677,2036.9516129032256,61.0,False,success
R1-CPU-T8-PB,2026-09-27T10:29:46.546543-03:00,1,cpu,llama.cpp-win-x86_64-avx2@2.46.0,8,8,8,B,6.409573700759328,1.749727,384,61.56021859997418,maxPredictedTokensReached,72.0,95.0,90.0,88.7741935483871,22.232258064516127,29.1,52.05161290322581,2614.0475806451614,2035.5381048387096,61.0,False,success
R1-VULKAN-T4-PC,2026-09-27T10:31:45.727757-03:00,1,vulkan,llama.cpp-win-x86_64-vulkan-avx2@2.46.0,4,4,8,C,5.825837042728454,1.995403,384,67.77682590007316,maxPredictedTokensReached,73.0,95.0,90.0,91.01470588235294,23.25294117647059,28.6,51.648529411764706,2681.727205882353,2150.9678308823527,67.0,False,success
R1-VULKAN-T4-PB,2026-09-27T10:32:57.839765-03:00,1,vulkan,llama.cpp-win-x86_64-vulkan-avx2@2.46.0,4,4,8,B,5.7594761842125894,3.4964690000000003,384,70.04736339999363,maxPredictedTokensReached,74.0,95.0,88.0,88.44285714285714,22.12142857142857,37.3,52.23,2613.3560714285713,2059.013571428571,69.0,False,success
R1-VULKAN-T4-PA,2026-09-27T10:34:08.151765-03:00,1,vulkan,llama.cpp-win-x86_64-vulkan-avx2@2.46.0,4,4,8,A,5.793324378033687,2.0771149999999996,384,68.2355147000635,maxPredictedTokensReached,72.0,96.0,91.0,88.97058823529412,22.155882352941177,29.9,52.275,2614.8966911764705,2053.10625,67.0,False,success
R1-CPU-T6-PA,2026-09-27T10:36:04.305941-03:00,1,cpu,llama.cpp-win-x86_64-avx2@2.46.0,6,6,8,A,6.540571059820815,1.404107,384,60.00610230001621,maxPredictedTokensReached,76.0,96.0,88.0,91.01666666666667,23.968333333333334,31.6,52.08166666666666,2721.2691666666665,2173.4847916666668,59.0,False,success
R1-CPU-T6-PC,2026-09-27T10:37:07.577014-03:00,1,cpu,llama.cpp-win-x86_64-avx2@2.46.0,6,6,8,C,6.41173475359787,1.427077,384,61.20564599998761,maxPredictedTokensReached,73.0,95.0,88.0,88.19354838709677,22.141935483870967,29.6,52.188709677419354,2583.2810483870967,2043.028629032258,61.0,False,success
R1-CPU-T6-PB,2026-09-27T10:38:11.276432-03:00,1,cpu,llama.cpp-win-x86_64-avx2@2.46.0,6,6,8,B,6.400637028831645,1.731723,384,61.627925500040874,maxPredictedTokensReached,75.0,95.0,90.0,88.56451612903226,22.061290322580646,29.7,52.041935483870965,2585.7068548387097,2031.2810483870967,61.0,False,success
R2-VULKAN-T6-PB,2026-09-27T10:40:11.946632-03:00,2,vulkan,llama.cpp-win-x86_64-vulkan-avx2@2.46.0,6,6,8,B,5.813212408801245,3.3520659999999998,384,69.28651680005714,maxPredictedTokensReached,73.0,96.0,88.0,90.5,23.502857142857142,37.5,52.387142857142855,2685.4517857142855,2153.71375,69.0,False,success
R2-VULKAN-T6-PA,2026-09-27T10:41:22.624994-03:00,2,vulkan,llama.cpp-win-x86_64-vulkan-avx2@2.46.0,6,6,8,A,5.760737932780702,2.061163,384,68.595170399989,maxPredictedTokensReached,78.0,95.0,90.0,88.6376811594203,22.178260869565218,29.1,52.41014492753623,2595.9333333333334,2031.5331521739129,68.0,False,success
R2-VULKAN-T6-PC,2026-09-27T10:42:32.844645-03:00,2,vulkan,llama.cpp-win-x86_64-vulkan-avx2@2.46.0,6,6,8,C,5.7914067741374335,1.9606020000000002,384,68.13821419992018,maxPredictedTokensReached,77.0,95.0,90.0,88.91176470588235,21.972058823529412,28.9,51.883823529411764,2624.502205882353,2053.289705882353,67.0,False,success
R2-VULKAN-T8-PB,2026-09-27T10:44:31.588892-03:00,2,vulkan,llama.cpp-win-x86_64-vulkan-avx2@2.46.0,8,8,8,B,5.863823762424685,3.307549,384,68.66665339993779,maxPredictedTokensReached,76.0,95.0,88.0,89.8695652173913,23.56086956521739,37.5,51.76376811594203,2705.4496376811594,2147.44365942029,68.0,False,success
R2-VULKAN-T8-PA,2026-09-27T10:45:42.013167-03:00,2,vulkan,llama.cpp-win-x86_64-vulkan-avx2@2.46.0,8,8,8,A,5.777762397230125,2.0119469999999997,384,68.34727349993773,maxPredictedTokensReached,71.0,96.0,90.0,88.27941176470588,21.926470588235293,29.9,53.17794117647059,2580.935294117647,2028.5503676470587,67.0,False,success
R2-VULKAN-T8-PC,2026-09-27T10:46:52.238507-03:00,2,vulkan,llama.cpp-win-x86_64-vulkan-avx2@2.46.0,8,8,8,C,5.7934324288605445,1.980939,384,68.13968520006165,maxPredictedTokensReached,73.0,96.0,87.0,88.51470588235294,22.123529411764707,28.7,52.27794117647059,2595.7055147058823,2035.7461397058823,67.0,False,success
R2-VULKAN-T4-PB,2026-09-27T10:48:56.391572-03:00,2,vulkan,llama.cpp-win-x86_64-vulkan-avx2@2.46.0,4,4,8,B,5.830030144300249,3.4728000000000003,384,69.21147929993458,maxPredictedTokensReached,77.0,96.0,89.0,90.21739130434783,23.056521739130435,34.8,52.11014492753623,2688.352536231884,2132.876449275362,68.0,False,success
R2-VULKAN-T4-PA,2026-09-27T10:50:07.055823-03:00,2,vulkan,llama.cpp-win-x86_64-vulkan-avx2@2.46.0,4,4,8,A,5.757910271251997,2.010376,384,68.57771010010038,maxPredictedTokensReached,74.0,96.0,86.0,87.69565217391305,22.06086956521739,32.6,52.49855072463768,2610.84384057971,2039.3614130434783,68.0,False,success
R2-VULKAN-T4-PC,2026-09-27T10:51:17.675837-03:00,2,vulkan,llama.cpp-win-x86_64-vulkan-avx2@2.46.0,4,4,8,C,5.756087750370468,1.9520060000000001,384,68.54044749995228,maxPredictedTokensReached,76.0,95.0,90.0,88.1159420289855,22.263768115942028,30.5,52.09130434782609,2610.844927536232,2049.373369565217,68.0,False,success
R2-CPU-T8-PC,2026-09-27T10:53:09.751772-03:00,2,cpu,llama.cpp-win-x86_64-avx2@2.46.0,8,8,8,C,6.504094531291089,1.4090850000000001,384,60.34153489989694,maxPredictedTokensReached,75.0,95.0,87.0,90.32786885245902,23.736065573770492,29.8,52.62459016393443,2686.1245901639345,2133.9418032786884,60.0,False,success
R2-CPU-T8-PA,2026-09-27T10:54:13.137768-03:00,2,cpu,llama.cpp-win-x86_64-avx2@2.46.0,8,8,8,A,6.407187505991056,1.452405,384,61.28562500001863,maxPredictedTokensReached,75.0,95.0,87.0,88.01639344262296,22.272131147540982,28.9,52.08196721311476,2591.4631147540986,2040.504713114754,60.0,False,success
R2-CPU-T8-PB,2026-09-27T10:55:16.707996-03:00,2,cpu,llama.cpp-win-x86_64-avx2@2.46.0,8,8,8,B,6.412132464477664,1.6916110000000002,384,61.478188700042665,maxPredictedTokensReached,83.0,96.0,87.0,88.19354838709677,21.975806451612904,29.7,51.791935483870965,2572.746370967742,2041.4106854838708,61.0,False,success
R2-CPU-T6-PA,2026-09-27T10:57:08.150145-03:00,2,cpu,llama.cpp-win-x86_64-avx2@2.46.0,6,6,8,A,6.5182428172070095,1.413811,384,60.216054199961945,maxPredictedTokensReached,74.0,96.0,87.0,91.2,23.811666666666667,30.4,51.973333333333336,2699.9266666666667,2155.0714583333333,59.0,False,success
R2-CPU-T6-PB,2026-09-27T10:58:11.815121-03:00,2,cpu,llama.cpp-win-x86_64-avx2@2.46.0,6,6,8,B,6.404118005054037,1.704402,384,61.55419530009385,maxPredictedTokensReached,79.0,95.0,90.0,89.56451612903226,22.238709677419354,29.4,51.88548387096774,2601.9064516129033,2037.9669354838709,61.0,False,success
R2-CPU-T6-PC,2026-09-27T10:59:15.280869-03:00,2,cpu,llama.cpp-win-x86_64-avx2@2.46.0,6,6,8,C,6.39285068979777,1.431509,384,61.398097799974494,maxPredictedTokensReached,73.0,95.0,88.0,89.2258064516129,22.056451612903224,29.0,52.34516129032258,2584.0895161290323,2036.9520161290322,61.0,False,success
R2-CPU-T4-PC,2026-09-27T11:01:06.332064-03:00,2,cpu,llama.cpp-win-x86_64-avx2@2.46.0,4,4,8,C,6.520626870934695,1.4340050000000002,384,60.22576459997799,maxPredictedTokensReached,79.0,95.0,88.0,91.54098360655738,23.7327868852459,30.4,52.07049180327869,2694.3581967213117,2143.2030737704918,60.0,False,success
R2-CPU-T4-PB,2026-09-27T11:02:09.986543-03:00,2,cpu,llama.cpp-win-x86_64-avx2@2.46.0,4,4,8,B,6.413276064173483,1.784078,384,61.55737880000379,maxPredictedTokensReached,76.0,96.0,88.0,88.80645161290323,22.14516129032258,27.7,52.12741935483871,2590.1649193548387,2023.994758064516,61.0,False,success
R2-CPU-T4-PA,2026-09-27T11:03:13.594146-03:00,2,cpu,llama.cpp-win-x86_64-avx2@2.46.0,4,4,8,A,6.380768902311495,1.445973,384,61.5311597000109,maxPredictedTokensReached,80.0,95.0,88.0,88.70967741935483,22.125806451612902,27.7,53.18064516129032,2578.0104838709676,2020.1516129032257,61.0,False,success
R3-VULKAN-T4-PB,2026-09-27T11:05:23.941885-03:00,3,vulkan,llama.cpp-win-x86_64-vulkan-avx2@2.46.0,4,4,8,B,5.8570437833138485,3.5023069999999996,384,68.94733539992012,maxPredictedTokensReached,77.0,96.0,88.0,90.43478260869566,23.253623188405797,36.4,52.61739130434783,2689.444202898551,2135.968115942029,68.0,False,success
R3-VULKAN-T4-PC,2026-09-27T11:06:34.682816-03:00,3,vulkan,llama.cpp-win-x86_64-vulkan-avx2@2.46.0,4,4,8,C,5.753647703730468,2.035327,384,68.64668669993989,maxPredictedTokensReached,73.0,93.0,87.0,87.95652173913044,21.9768115942029,29.2,53.743478260869566,2592.2869565217393,2025.7132246376812,68.0,False,success
R3-VULKAN-T4-PA,2026-09-27T11:07:45.723562-03:00,3,vulkan,llama.cpp-win-x86_64-vulkan-avx2@2.46.0,4,4,8,A,5.727666705907914,2.028426,384,68.94611220003571,maxPredictedTokensReached,79.0,95.0,88.0,88.1304347826087,22.002898550724638,29.4,52.42028985507246,2606.116304347826,2055.744927536232,68.0,False,success
R3-CPU-T6-PA,2026-09-27T11:09:38.363090-03:00,3,cpu,llama.cpp-win-x86_64-avx2@2.46.0,6,6,8,A,6.447683579608472,1.427906,384,60.87518800003454,maxPredictedTokensReached,79.0,96.0,88.0,90.04918032786885,23.052459016393442,29.0,52.644262295081965,2651.1397540983608,2112.1262295081965,60.0,False,success
R3-CPU-T6-PC,2026-09-27T11:10:42.402964-03:00,3,cpu,llama.cpp-win-x86_64-avx2@2.46.0,6,6,8,C,6.339024397994605,1.443948,384,61.921609599958174,maxPredictedTokensReached,71.0,96.0,88.0,88.6774193548387,21.78548387096774,30.8,53.398387096774194,2578.013306451613,2037.1568548387097,61.0,False,success
R3-CPU-T6-PB,2026-09-27T11:11:46.135428-03:00,3,cpu,llama.cpp-win-x86_64-avx2@2.46.0,6,6,8,B,6.395468628464702,1.692818,384,61.63738520001061,maxPredictedTokensReached,74.0,95.0,88.0,88.3225806451613,22.46451612903226,30.8,52.737096774193546,2582.059677419355,2031.4879032258063,61.0,False,success
R3-CPU-T8-PB,2026-09-27T11:13:38.074151-03:00,3,cpu,llama.cpp-win-x86_64-avx2@2.46.0,8,8,8,B,6.539633070579528,1.7417,384,60.35431790002622,maxPredictedTokensReached,78.0,96.0,90.0,91.59016393442623,23.81967213114754,28.7,52.39344262295082,2705.8795081967214,2154.3137295081965,60.0,False,success
R3-CPU-T8-PC,2026-09-27T11:14:41.842760-03:00,3,cpu,llama.cpp-win-x86_64-avx2@2.46.0,8,8,8,C,6.3755600380163155,1.509857,384,61.63378999999259,maxPredictedTokensReached,74.0,95.0,90.0,89.2741935483871,21.96290322580645,28.5,52.66612903225806,2580.038306451613,2022.5788306451611,61.0,False,success
R3-CPU-T8-PA,2026-09-27T11:15:45.301592-03:00,3,cpu,llama.cpp-win-x86_64-avx2@2.46.0,8,8,8,A,6.402020725129642,1.478385,384,61.366528399987146,maxPredictedTokensReached,73.0,95.0,88.0,89.33870967741936,21.979032258064517,27.3,52.99193548387097,2572.749193548387,2024.602016129032,61.0,False,success
R3-VULKAN-T6-PC,2026-09-27T11:17:44.353696-03:00,3,vulkan,llama.cpp-win-x86_64-vulkan-avx2@2.46.0,6,6,8,C,5.824703495217507,1.999999,384,67.80120200000238,maxPredictedTokensReached,75.0,95.0,88.0,89.82352941176471,22.822058823529414,30.1,51.84705882352941,2656.261029411765,2107.3797794117645,67.0,False,success
R3-VULKAN-T6-PA,2026-09-27T11:18:55.384682-03:00,3,vulkan,llama.cpp-win-x86_64-vulkan-avx2@2.46.0,6,6,8,A,5.727804358063505,2.036296,384,68.94781290006358,maxPredictedTokensReached,79.0,95.0,86.0,88.85507246376811,22.015942028985506,30.4,53.071014492753626,2593.381884057971,2039.5422101449274,68.0,False,success
R3-VULKAN-T6-PB,2026-09-27T11:20:08.393067-03:00,3,vulkan,llama.cpp-win-x86_64-vulkan-avx2@2.46.0,6,6,8,B,5.68312607308883,3.4672240000000003,384,70.9007733000908,maxPredictedTokensReached,75.0,95.0,87.0,88.50704225352112,22.170422535211266,34.8,54.03943661971831,2572.661267605634,2028.9499999999998,70.0,False,success
R3-VULKAN-T8-PB,2026-09-27T11:22:07.353809-03:00,3,vulkan,llama.cpp-win-x86_64-vulkan-avx2@2.46.0,8,8,8,B,5.860645151141678,3.279386,384,68.6823687000433,maxPredictedTokensReached,75.0,96.0,88.0,90.91304347826087,23.47826086956522,38.0,51.94057971014493,2688.715217391304,2133.245108695652,68.0,False,success
R3-VULKAN-T8-PA,2026-09-27T11:23:18.363494-03:00,3,vulkan,llama.cpp-win-x86_64-vulkan-avx2@2.46.0,8,8,8,A,5.731712085895587,2.049201,384,68.92359060002491,maxPredictedTokensReached,85.0,95.0,90.0,88.52173913043478,21.91304347826087,28.8,53.66231884057971,2594.8358695652173,2048.096376811594,68.0,False,success
R3-VULKAN-T8-PC,2026-09-27T11:24:28.835580-03:00,3,vulkan,llama.cpp-win-x86_64-vulkan-avx2@2.46.0,8,8,8,C,5.776479067088073,2.039846,384,68.39223509992007,maxPredictedTokensReached,77.0,96.0,90.0,89.05797101449275,21.997101449275362,29.8,52.405797101449274,2617.034420289855,2059.370652173913,67.0,False,success
R3-CPU-T4-PB,2026-09-27T11:26:21.363084-03:00,3,cpu,llama.cpp-win-x86_64-avx2@2.46.0,4,4,8,B,6.515435636911818,1.7173399999999999,384,60.554697600076906,maxPredictedTokensReached,78.0,96.0,91.0,91.78688524590164,23.208196721311474,28.6,52.08360655737705,2686.5381147540984,2141.3497950819674,60.0,False,success
R3-CPU-T4-PC,2026-09-27T11:27:24.866905-03:00,3,cpu,llama.cpp-win-x86_64-avx2@2.46.0,4,4,8,C,6.39627598457893,1.4659490000000002,384,61.398162199999206,maxPredictedTokensReached,77.0,95.0,87.0,89.91935483870968,22.23548387096774,30.3,52.08709677419355,2596.6403225806453,2036.9532258064517,61.0,False,success
R3-CPU-T4-PA,2026-09-27T11:28:28.514627-03:00,3,cpu,llama.cpp-win-x86_64-avx2@2.46.0,4,4,8,A,6.381891664006435,1.455204,384,61.53748240007553,maxPredictedTokensReached,73.0,95.0,88.0,89.6774193548387,22.06290322580645,29.8,52.561290322580646,2578.8209677419354,2033.7137096774193,61.0,False,success
