run_id,timestamp,round,mode,gpu_argument,prompt_id,tokens_per_second,time_to_first_token_seconds,input_tokens,total_output_tokens,reasoning_output_tokens,wall_time_seconds,load_wall_time_seconds,temp_before_c,temp_after_c,temp_delta_c,temp_source,n_threads_from_log,n_threads_batch_from_log,n_gpu_layers_from_log,status
R1-GPU-ZERO-PA,2026-09-27T09:00:52.596665-03:00,1,zero,0.0,A,6.151931312969528,2.128016,34,284,0,48.19268139998894,11.246504199923947,,,,,,,,success
R1-GPU-ZERO-PC,2026-09-27T09:01:43.346174-03:00,1,zero,0.0,C,5.916891609403931,2.116005,33,265,0,46.780360999982804,11.246504199923947,,,,,,,,success
R1-GPU-ZERO-PB,2026-09-27T09:02:35.853693-03:00,1,zero,0.0,B,5.7286429004220745,3.301291,41,260,0,48.57270849996712,11.246504199923947,,,,,,,,success
R1-GPU-OFF-PB,2026-09-27T09:04:11.030025-03:00,1,off,off,B,5.810469528338613,3.268051,41,260,0,47.892865899950266,7.809573799953796,,,,,,,,success
R1-GPU-OFF-PC,2026-09-27T09:05:03.166014-03:00,1,off,off,C,5.73312150028493,2.101232,33,265,0,48.19287979998626,7.809573799953796,,,,,,,,success
R1-GPU-OFF-PA,2026-09-27T09:05:58.795910-03:00,1,off,off,A,5.714412175582926,2.138368,34,284,0,51.71630349999759,7.809573799953796,,,,,,,,success
R2-GPU-ZERO-PA,2026-09-27T09:07:37.521467-03:00,2,zero,0.0,A,5.741740916540509,2.1430990000000003,34,284,0,51.507837400073186,7.814523999928497,,,,,,,,success
R2-GPU-ZERO-PC,2026-09-27T09:08:29.743127-03:00,2,zero,0.0,C,5.724507801831939,2.113256,33,265,0,48.29621079994831,7.814523999928497,,,,,,,,success
R2-GPU-ZERO-PB,2026-09-27T09:09:22.005246-03:00,2,zero,0.0,B,5.7477105692630195,3.220747,41,260,0,48.335801300010644,7.814523999928497,,,,,,,,success
R2-GPU-OFF-PC,2026-09-27T09:10:55.008671-03:00,2,off,off,C,6.0538015098823035,2.089924,33,265,0,45.77355419995729,7.855390299926512,,,,,,,,success
R2-GPU-OFF-PA,2026-09-27T09:11:49.142658-03:00,2,off,off,A,5.883341895362872,2.1017240000000004,34,284,0,50.2760240000207,7.855390299926512,,,,,,,,success
R2-GPU-OFF-PB,2026-09-27T09:12:39.949659-03:00,2,off,off,B,5.93995907712209,3.2840079999999996,41,260,0,46.94501270004548,7.855390299926512,,,,,,,,success
R3-GPU-OFF-PB,2026-09-27T09:14:10.757934-03:00,3,off,off,B,6.051609150911571,3.373573,41,260,0,46.231798699940555,6.234407499898225,,,,,,,,success
R3-GPU-OFF-PC,2026-09-27T09:15:01.481467-03:00,3,off,off,C,5.9113906721210885,2.102309,33,265,0,46.82204939995427,6.234407499898225,,,,,,,,success
R3-GPU-OFF-PA,2026-09-27T09:15:55.830412-03:00,3,off,off,A,5.861701378916575,2.114954,34,284,0,50.46407280000858,6.234407499898225,,,,,,,,success
R3-GPU-ZERO-PA,2026-09-27T09:17:28.893335-03:00,3,zero,0.0,A,6.047038652991584,2.095783,34,284,0,48.94576410006266,5.782221800065599,,,,,,,,success
R3-GPU-ZERO-PB,2026-09-27T09:18:20.277257-03:00,3,zero,0.0,B,5.921296053280142,3.738015,41,260,0,47.52193560008891,5.782221800065599,,,,,,,,success
R3-GPU-ZERO-PC,2026-09-27T09:19:11.062663-03:00,3,zero,0.0,C,5.900896455695835,2.069688,33,265,0,46.863297599949874,5.782221800065599,,,,,,,,success
