run_id,timestamp,round,runtime,runtime_alias,prompt_id,tokens_per_second,time_to_first_token_seconds,input_tokens,total_output_tokens,reasoning_output_tokens,wall_time_seconds,load_wall_time_seconds,runtime_switch_seconds,response_length_chars,status
R1-VULKAN-PA,2026-09-27T08:18:56.178173-03:00,1,vulkan,llama.cpp-win-x86_64-vulkan-avx2@2.46.0,A,6.241742648671803,2.204261,34,284,0,47.60638899996411,9.666293399990536,0.30041650007478893,1294,success
R1-VULKAN-PC,2026-09-27T08:19:44.066096-03:00,1,vulkan,llama.cpp-win-x86_64-vulkan-avx2@2.46.0,C,6.036167204849658,2.0593339999999998,33,265,0,45.86847730004229,9.666293399990536,0.30041650007478893,1083,success
R1-VULKAN-PB,2026-09-27T08:20:33.947957-03:00,1,vulkan,llama.cpp-win-x86_64-vulkan-avx2@2.46.0,B,5.815280946214018,3.240609,41,260,0,47.85699310002383,9.666293399990536,0.30041650007478893,994,success
R1-CPU-PB,2026-09-27T08:21:56.568883-03:00,1,cpu,llama.cpp-win-x86_64-avx2@2.46.0,B,6.713541073444287,1.698886,41,233,0,36.383563199895434,11.745264300028794,0.36522310005966574,971,success
R1-CPU-PC,2026-09-27T08:22:43.181938-03:00,1,cpu,llama.cpp-win-x86_64-avx2@2.46.0,C,6.591534928032972,1.411346,33,285,0,44.5768883000128,11.745264300028794,0.36522310005966574,1205,success
R1-CPU-PA,2026-09-27T08:23:24.914447-03:00,1,cpu,llama.cpp-win-x86_64-avx2@2.46.0,A,6.495980585819055,1.4405350000000001,34,249,0,39.70851810008753,11.745264300028794,0.36522310005966574,1217,success
R2-VULKAN-PA,2026-09-27T08:24:58.020391-03:00,2,vulkan,llama.cpp-win-x86_64-vulkan-avx2@2.46.0,A,6.151112578683978,2.025039,34,284,0,48.102237200015225,8.605716100079007,0.3078906999435276,1294,success
R2-VULKAN-PC,2026-09-27T08:25:45.955233-03:00,2,vulkan,llama.cpp-win-x86_64-vulkan-avx2@2.46.0,C,6.017619864491407,1.994053,33,265,0,45.91012180002872,8.605716100079007,0.3078906999435276,1083,success
R2-VULKAN-PB,2026-09-27T08:26:34.771892-03:00,2,vulkan,llama.cpp-win-x86_64-vulkan-avx2@2.46.0,B,5.996571766866719,3.5394360000000002,41,260,0,46.79573959996924,8.605716100079007,0.3078906999435276,994,success
R2-CPU-PC,2026-09-27T08:28:01.944001-03:00,2,cpu,llama.cpp-win-x86_64-avx2@2.46.0,C,6.7673300659678866,1.381693,33,285,0,43.4159437000053,9.31491770001594,0.3073250000597909,1205,success
R2-CPU-PA,2026-09-27T08:28:43.095935-03:00,2,cpu,llama.cpp-win-x86_64-avx2@2.46.0,A,6.5945804567799975,1.45268,34,249,0,39.12508759996854,9.31491770001594,0.3073250000597909,1217,success
R2-CPU-PB,2026-09-27T08:29:22.215292-03:00,2,cpu,llama.cpp-win-x86_64-avx2@2.46.0,B,6.567640983755619,1.686922,41,233,0,37.09445259999484,9.31491770001594,0.3073250000597909,971,success
R3-CPU-PB,2026-09-27T08:30:40.151472-03:00,3,cpu,llama.cpp-win-x86_64-avx2@2.46.0,B,6.859920077200122,1.6688479999999999,41,233,0,35.55123380001169,8.294523500022478,0.2897664000047371,971,success
R3-CPU-PC,2026-09-27T08:31:26.747264-03:00,3,cpu,llama.cpp-win-x86_64-avx2@2.46.0,C,6.589840266912663,1.4096739999999999,33,285,0,44.57412350003142,8.294523500022478,0.2897664000047371,1205,success
R3-CPU-PA,2026-09-27T08:32:08.100438-03:00,3,cpu,llama.cpp-win-x86_64-avx2@2.46.0,A,6.562226711702594,1.470481,34,249,0,39.33117839996703,8.294523500022478,0.2897664000047371,1217,success
R3-VULKAN-PA,2026-09-27T08:33:38.683112-03:00,3,vulkan,llama.cpp-win-x86_64-vulkan-avx2@2.46.0,A,6.140609543375161,2.023464,34,284,0,48.18306960002519,6.279503099969588,0.2979868999682367,1294,success
R3-VULKAN-PB,2026-09-27T08:34:27.688358-03:00,3,vulkan,llama.cpp-win-x86_64-vulkan-avx2@2.46.0,B,5.930276661144336,3.248822,41,260,0,46.97765580005944,6.279503099969588,0.2979868999682367,994,success
R3-VULKAN-PC,2026-09-27T08:35:17.122269-03:00,3,vulkan,llama.cpp-win-x86_64-vulkan-avx2@2.46.0,C,5.822723606757332,2.003022,33,265,0,47.41019649989903,6.279503099969588,0.2979868999682367,1083,success
