run_id,timestamp,round,gpu_layers,gpu_ratio,prompt_id,tokens_per_second,time_to_first_token_seconds,input_tokens,total_output_tokens,reasoning_output_tokens,wall_time_seconds,load_wall_time_seconds,stop_reason,response_length_chars,status
R1-G04-PB,2026-09-26T19:09:10.444199-03:00,1,4,0.125,B,2.944062736205684,4.622231,41,247,0,88.31302749994211,25.065402999985963,,1069,success
R1-G04-PA,2026-09-26T19:10:52.262215-03:00,1,4,0.125,A,2.9453380969268155,3.859479,34,283,0,99.75005510007031,25.065402999985963,,1337,success
R1-G04-PC,2026-09-26T19:12:28.986689-03:00,1,4,0.125,C,2.928345628275013,3.726747,33,267,0,94.69355500000529,25.065402999985963,,1105,success
R1-G16-PB,2026-09-26T19:16:52.776412-03:00,1,16,0.5,B,1.5001288274534332,4.566305000000001,41,242,0,165.35588539997116,27.58945259999018,,1035,success
R1-G16-PA,2026-09-26T19:20:03.852656-03:00,1,16,0.5,A,1.505820769141291,4.214481,34,279,0,189.02599740005098,27.58945259999018,,1286,success
R1-G16-PC,2026-09-26T19:23:09.875893-03:00,1,16,0.5,C,1.5024695591320265,4.093097,33,271,0,183.98248380003497,27.58945259999018,,1123,success
R1-G08-PC,2026-09-26T19:26:35.661224-03:00,1,8,0.25,C,2.2534480432638033,3.835825,33,264,0,120.7230287999846,24.528676399961114,,1078,success
R1-G08-PB,2026-09-26T19:28:32.071812-03:00,1,8,0.25,B,2.247124256434805,4.769583,41,247,0,114.36910690006334,24.528676399961114,,1069,success
R1-G08-PA,2026-09-26T19:30:44.053096-03:00,1,8,0.25,A,2.270815792240745,3.858277,34,287,0,129.94309089996386,24.528676399961114,,1297,success
R1-G24-PC,2026-09-26T19:36:28.068612-03:00,1,24,0.75,C,1.1662302804929063,4.101341000000001,33,270,0,234.93434009992052,31.440625000046566,,1171,success
R1-G24-PA,2026-09-26T19:40:40.271295-03:00,1,24,0.75,A,1.171697948506609,4.162622000000001,34,289,0,250.15574179997202,31.440625000046566,,1363,success
R1-G24-PB,2026-09-26T19:44:18.466176-03:00,1,24,0.75,B,1.1625247940310874,4.38366,41,247,0,216.15397079999093,31.440625000046566,,1069,success
R1-G32-PB,2026-09-26T19:51:19.534795-03:00,1,32,1.0,B,0.9172195689098358,4.300069000000001,41,255,0,281.3985735999886,43.379247099976055,,1037,success
R1-G32-PC,2026-09-26T19:56:13.321705-03:00,1,32,1.0,C,0.9201370209497425,4.660103,33,265,0,291.73961639998015,43.379247099976055,,1130,success
R1-G32-PA,2026-09-26T20:01:53.046328-03:00,1,32,1.0,A,0.9241025984909974,4.2481409999999995,34,309,0,337.6809426000109,43.379247099976055,,1374,success
R1-G00-PA,2026-09-26T20:04:10.742958-03:00,1,0,0.0,A,4.467537632334818,3.776786,34,284,0,67.22724159993231,23.361957099987194,,1294,success
R1-G00-PB,2026-09-26T20:05:25.248288-03:00,1,0,0.0,B,3.863567612067739,5.336429,41,260,0,72.46969499997795,23.361957099987194,,994,success
R1-G00-PC,2026-09-26T20:06:37.991530-03:00,1,0,0.0,C,3.9688390212283733,3.968696,33,265,0,70.70719340001233,23.361957099987194,,1083,success
R2-G04-PA,2026-09-26T20:09:35.566603-03:00,2,4,0.125,A,2.9218147851661085,3.907271,34,283,0,100.54625909996685,24.957510399981402,,1337,success
R2-G04-PB,2026-09-26T20:11:06.716005-03:00,2,4,0.125,B,2.9236821271056788,4.8307,41,247,0,89.1151199999731,24.957510399981402,,1069,success
R2-G04-PC,2026-09-26T20:12:44.174496-03:00,2,4,0.125,C,2.909425101209438,3.867073,33,267,0,95.42731610010378,24.957510399981402,,1105,success
R2-G24-PB,2026-09-26T20:18:21.456957-03:00,2,24,0.75,B,1.1503679526717299,4.477885000000001,41,247,0,218.4890661999816,40.94881009997334,,1069,success
R2-G24-PA,2026-09-26T20:22:40.382927-03:00,2,24,0.75,A,1.141067600200484,4.362434,34,289,0,256.88436779996846,40.94881009997334,,1363,success
R2-G24-PC,2026-09-26T20:26:43.978667-03:00,2,24,0.75,C,1.1354247429379387,4.453055,33,270,0,241.5552078000037,40.94881009997334,,1171,success
R2-G16-PB,2026-09-26T20:31:04.944707-03:00,2,16,0.5,B,1.4969867210196666,4.568557,41,242,0,165.70151249994524,26.036959699937142,,1035,success
R2-G16-PC,2026-09-26T20:34:13.095639-03:00,2,16,0.5,C,1.4854377339904843,4.18109,33,271,0,186.1039926999947,26.036959699937142,,1123,success
R2-G16-PA,2026-09-26T20:37:25.664558-03:00,2,16,0.5,A,1.493347229412761,4.189407,34,279,0,190.53113260003738,26.036959699937142,,1286,success
R2-G08-PA,2026-09-26T20:41:01.842604-03:00,2,8,0.25,A,2.262809982913174,3.862239,34,287,0,130.357655000058,25.98646699998062,,1297,success
R2-G08-PB,2026-09-26T20:42:56.301815-03:00,2,8,0.25,B,2.2842775626780694,4.593406,41,247,0,112.42340349999722,25.98646699998062,,1069,success
R2-G08-PC,2026-09-26T20:44:58.870975-03:00,2,8,0.25,C,2.2556575278573274,3.8167489999999997,33,264,0,120.53554150008131,25.98646699998062,,1078,success
R2-G00-PA,2026-09-26T20:47:11.509529-03:00,2,0,0.0,A,4.482668175335305,3.732456,34,284,0,66.95204289990943,19.97585660009645,,1294,success
R2-G00-PC,2026-09-26T20:48:16.309964-03:00,2,0,0.0,C,4.473690328850808,3.653428,33,265,0,62.759206900023855,19.97585660009645,,1083,success
R2-G00-PB,2026-09-26T20:49:20.889955-03:00,2,0,0.0,B,4.493702440384054,4.78708,41,260,0,62.53713979991153,19.97585660009645,,994,success
R2-G32-PC,2026-09-26T20:56:30.389223-03:00,2,32,1.0,C,0.9189549602421446,4.243304,33,265,0,291.6339993000729,41.255974899977446,,1130,success
R2-G32-PB,2026-09-26T21:01:13.636048-03:00,2,32,1.0,B,0.9180697428957251,4.36424,41,255,0,281.18063980003353,41.255974899977446,,1037,success
R2-G32-PA,2026-09-26T21:06:54.610849-03:00,2,32,1.0,A,0.9207068874202126,4.277467,34,309,0,338.940382199944,41.255974899977446,,1374,success
R3-G32-PB,2026-09-26T21:13:47.034558-03:00,3,32,1.0,B,0.9220326069426145,4.261759,41,255,0,279.894446899998,35.94907259999309,,1037,success
R3-G32-PA,2026-09-26T21:19:28.303582-03:00,3,32,1.0,A,0.9202314515952609,4.349283000000001,34,309,0,339.2160394999664,35.94907259999309,,1374,success
R3-G32-PC,2026-09-26T21:24:21.641441-03:00,3,32,1.0,C,0.9203883015048998,4.339265,33,265,0,291.2960866999347,35.94907259999309,,1130,success
R3-G04-PB,2026-09-26T21:27:13.725188-03:00,3,4,0.125,B,2.8185092787559642,5.028212000000001,41,247,0,92.42223999998532,26.59021529997699,,1069,success
R3-G04-PC,2026-09-26T21:28:55.503819-03:00,3,4,0.125,C,2.8012395927498908,4.5486819999999994,33,267,0,99.74181969999336,26.59021529997699,,1105,success
R3-G04-PA,2026-09-26T21:30:45.066341-03:00,3,4,0.125,A,2.7414672706138505,4.468222,34,283,0,107.52842069999315,26.59021529997699,,1337,success
R3-G24-PA,2026-09-26T21:36:42.860486-03:00,3,24,0.75,A,1.1547918988012233,4.243426,34,289,0,253.80699179996736,27.73578759992961,,1363,success
R3-G24-PB,2026-09-26T21:40:22.890251-03:00,3,24,0.75,B,1.1535569962805101,4.586572,41,247,0,217.9877758999355,27.73578759992961,,1069,success
R3-G24-PC,2026-09-26T21:44:22.116658-03:00,3,24,0.75,C,1.1551173758780326,4.147473,33,270,0,237.18245630001184,27.73578759992961,,1171,success
R3-G08-PA,2026-09-26T21:48:00.512448-03:00,3,8,0.25,A,2.251092970572587,3.886969,34,287,0,131.03033390000928,27.07394149992615,,1297,success
R3-G08-PB,2026-09-26T21:49:54.657716-03:00,3,8,0.25,B,2.291784186595951,4.644594,41,247,0,112.10547549999319,27.07394149992615,,1069,success
R3-G08-PC,2026-09-26T21:51:57.147135-03:00,3,8,0.25,C,2.2570929446158137,3.814226,33,264,0,120.45403320004698,27.07394149992615,,1078,success
R3-G16-PB,2026-09-26T21:56:18.514595-03:00,3,16,0.5,B,1.4883921408596537,4.621273,41,242,0,166.68165549996775,25.738392999977805,,1035,success
R3-G16-PA,2026-09-26T21:59:31.585255-03:00,3,16,0.5,A,1.4894297022424825,4.212882,34,279,0,191.02407069993205,25.738392999977805,,1286,success
R3-G16-PC,2026-09-26T22:02:38.269757-03:00,3,16,0.5,C,1.4969791459827118,4.116256999999999,33,271,0,184.6339821999427,25.738392999977805,,1123,success
R3-G00-PC,2026-09-26T22:04:48.255222-03:00,3,0,0.0,C,4.498338783934088,3.62045,33,265,0,62.39444149995688,21.48760160000529,,1083,success
R3-G00-PA,2026-09-26T22:06:00.637437-03:00,3,0,0.0,A,4.255810354112897,3.73614,34,284,0,70.33867620001547,21.48760160000529,,1294,success
R3-G00-PB,2026-09-26T22:07:11.268859-03:00,3,0,0.0,B,4.100307581644446,5.21157,41,260,0,68.58876409998629,21.48760160000529,,994,success
